wall_time,step,value
1772274482.7182903,100,0.0
1772276779.1989064,150,0.0
1772278972.4474266,200,0.0
1772281405.2885635,250,0.0
1772283687.9578052,300,0.0
1772286141.5659626,350,0.0
1772288443.5830288,400,0.0
1772290637.7472377,450,0.0
1772292926.085835,500,0.0
1772295295.2925987,550,0.0
1772297620.1956706,600,0.0
1772300084.4631693,650,0.0
1772302962.3666523,700,0.0
