wall_time,step,value
1772263746.483658,50,1.4142135381698608
1772267158.8615534,100,1.4142135381698608
1772270558.7795823,150,1.4142135381698608
