wall_time,step,value
1772274482.691654,100,0.0
1772276779.1794987,150,0.0
1772278972.4277844,200,0.0
1772281405.2694378,250,0.0
1772283687.938748,300,0.0
1772286141.5243416,350,0.0
1772288443.558321,400,0.0
1772290637.7076252,450,0.0
1772292926.0665507,500,0.0
1772295295.2471488,550,0.0
1772297620.1762145,600,0.0
1772300084.4191256,650,0.0
1772302962.3477335,700,0.0
