wall_time,step,value
1772263746.4786263,50,0.0
1772267158.8564317,100,0.0
1772270558.7704444,150,0.06666667014360428
