wall_time,step,value
1772263746.490236,50,0.0
1772267158.8681657,100,0.0341796875
1772270558.7858348,150,0.0341796875
