wall_time,step,value
1772274482.6683197,100,3.776041558012366e-05
1772276779.1568277,150,6.705729174427688e-05
1772278972.4038942,200,0.0
1772281405.2470524,250,0.0
1772283687.9162924,300,0.0
1772286141.5017817,350,0.0
1772288443.5294974,400,8.593749953433871e-05
1772290637.6855714,450,0.0
1772292926.0438037,500,0.0
1772295295.2244718,550,0.0
1772297620.1530998,600,0.00010416666918899864
1772300084.396314,650,0.00022070312115829438
1772302962.3254879,700,6.51041659693874e-07
