wall_time,step,value
1772274482.698433,100,0.0
1772276779.1831486,150,0.0
1772278972.4313548,200,0.0
1772281405.2729447,250,0.0
1772283687.9423037,300,0.0
1772286141.5277963,350,0.0
1772288443.562811,400,0.0
1772290637.7110925,450,0.0
1772292926.0700643,500,0.0
1772295295.2506604,550,0.0
1772297620.1797087,600,0.0
1772300084.4227705,650,0.0
1772302962.351176,700,0.0
