wall_time,step,value
1772274482.7076108,100,0.09482088685035706
1772276779.1904616,150,0.09482088685035706
1772278972.4388266,200,0.09482088685035706
1772281405.2801933,250,0.0
1772283687.949521,300,0.0
1772286141.5349238,350,0.0
1772288443.5722957,400,0.09482088685035706
1772290637.718272,450,0.0
1772292926.0773423,500,0.0
1772295295.2841377,550,0.0
1772297620.187177,600,0.0
1772300084.45473,650,0.0
1772302962.358321,700,0.0
