wall_time,step,value
1772274482.6952376,100,0.0
1772276779.1806185,150,0.0
1772278972.428804,200,0.0
1772281405.270425,250,0.0
1772283687.9398224,300,0.0
1772286141.5253081,350,0.0
1772288443.559603,400,0.0
1772290637.7086143,450,0.0
1772292926.067547,500,0.0
1772295295.2481422,550,0.0
1772297620.1772041,600,0.0
1772300084.420228,650,0.0
1772302962.3487232,700,0.0
