wall_time,step,value
1772263746.4873538,50,2.63671875
1772267158.8653276,100,-0.800000011920929
1772270558.7829618,150,-0.800000011920929
