wall_time,step,value
1772274482.6796668,100,0.0
1772276779.1675522,150,0.0
1772278972.4147878,200,0.0
1772281405.2576025,250,0.0
1772283687.9269485,300,0.0
1772286141.5125144,350,0.0
1772288443.5430954,400,0.0
1772290637.6960654,450,0.0
1772292926.054673,500,0.0
1772295295.2352362,550,0.0
1772297620.163885,600,0.0
1772300084.4070995,650,0.0
1772302962.336012,700,0.0
