wall_time,step,value
1772274482.6653202,100,-1.0
1772276779.1544652,150,-1.0
1772278972.4014907,200,-1.0
1772281405.2447205,250,-1.0
1772283687.9139621,300,-1.0
1772286141.499451,350,-1.0
1772288443.5265074,400,-1.0
1772290637.6832423,450,-1.0
1772292926.041408,500,-1.0
1772295295.222058,550,-1.0
1772297620.1507142,600,-1.0
1772300084.39393,650,-1.0
1772302962.3231468,700,-1.0
