wall_time,step,value
1772263746.4756632,50,0.0
1772267158.85356,100,0.0
1772270558.7675302,150,1.4613540172576904
