wall_time,step,value
1772263746.4824438,50,0.12014728039503098
1772267158.8602962,100,-0.6976000070571899
1772270558.778572,150,0.16787031292915344
