wall_time,step,value
1772263746.4854822,50,0.1477864533662796
1772267158.863397,100,0.0
1772270558.781083,150,0.4327256977558136
