wall_time,step,value
1772263746.483285,50,2.7755575615628914e-17
1772267158.861185,100,2.7755575615628914e-17
1772270558.7794752,150,2.7755575615628914e-17
