wall_time,step,value
1772263746.4805617,50,0.0
1772267158.8583865,100,0.0
1772270558.7733188,150,0.0
