wall_time,step,value
1772274482.708699,100,-1.0
1772276779.1913104,150,-1.0
1772278972.4396877,200,-1.0
1772281405.2810283,250,-1.0
1772283687.9503453,300,-1.0
1772286141.5357563,350,-1.0
1772288443.573373,400,-1.0
1772290637.7190957,450,-1.0
1772292926.0781846,500,-1.0
1772295295.284986,550,-1.0
1772297620.188038,600,-1.0
1772300084.4555674,650,-1.0
1772302962.35915,700,-1.0
