wall_time,step,value
1772274482.725859,100,0.0
1772276779.204874,150,0.0
1772278972.4533434,200,0.0
1772281405.3131442,250,0.0
1772283687.963518,300,0.0
1772286141.5716553,350,0.0
1772288443.5904667,400,0.0
1772290637.752933,450,0.0
1772292926.0916848,500,0.0
1772295295.2984235,550,0.0
1772297620.2015235,600,0.0
1772300084.4690168,650,0.0
1772302962.3723898,700,0.0
