wall_time,step,value
1772263746.4802547,50,0.0
1772267158.8580947,100,0.0
1772270558.7726314,150,0.0
