wall_time,step,value
1772274482.6947305,100,0.0
1772276779.1801076,150,0.0
1772278972.4284148,200,0.0
1772281405.2700427,250,0.0
1772283687.9393475,300,0.0
1772286141.5249357,350,0.0
1772288443.5591063,400,0.0
1772290637.7082398,450,0.0
1772292926.0671656,500,0.0
1772295295.2477617,550,0.0
1772297620.1768258,600,0.0
1772300084.4198344,650,0.0
1772302962.3483481,700,0.0
