wall_time,step,value
1772263746.4903362,50,0.0
1772267158.868271,100,0.0341796875
1772270558.7859335,150,0.0341796875
