wall_time,step,value
1772274482.6894636,100,0.0
1772276779.1772678,150,0.0
1772278972.4255185,200,0.0
1772281405.2672083,250,0.0
1772283687.9365585,300,0.0
1772286141.5220075,350,0.0
1772288443.5554452,400,0.0
1772290637.7054422,450,0.0
1772292926.064305,500,0.0
1772295295.244886,550,0.0
1772297620.1739676,600,0.0
1772300084.4168887,650,0.0
1772302962.345547,700,0.0
