wall_time,step,value
1772274482.6736557,100,0.0
1772276779.1615412,150,0.0
1772278972.408591,200,0.0
1772281405.251684,250,0.0
1772283687.9210043,300,0.0
1772286141.5063555,350,0.0
1772288443.5354629,400,0.0
1772290637.690166,450,0.0
1772292926.0485578,500,0.0
1772295295.2292204,550,0.0
1772297620.15783,600,0.0
1772300084.4010305,650,0.0
1772302962.330085,700,0.0
