wall_time,step,value
1772263746.4826412,50,0.20000000298023224
1772267158.860496,100,0.20000000298023224
1772270558.7786589,150,0.20000000298023224
