wall_time,step,value
1772274482.6649275,100,-1.0
1772276779.154165,150,-1.0
1772278972.4011881,200,-1.0
1772281405.2444305,250,-0.996999979019165
1772283687.913672,300,-1.0
1772286141.499152,350,-1.0
1772288443.526129,400,-1.0
1772290637.6829524,450,-1.0
1772292926.041091,500,-0.996999979019165
1772295295.221726,550,-1.0
1772297620.1504138,600,-0.996999979019165
1772300084.3936298,650,-0.9940000176429749
1772302962.3228555,700,-1.0
