wall_time,step,value
1772274482.676666,100,2.0
1772276779.1646214,150,2.0
1772278972.4117453,200,2.0
1772281405.2547104,250,2.0
1772283687.924046,300,2.0
1772286141.5093725,350,2.0
1772288443.5393665,400,2.0
1772290637.6931813,450,2.0
1772292926.0516627,500,2.0
1772295295.2322931,550,2.0
1772297620.1609113,600,2.0
1772300084.4041302,650,2.0
1772302962.3331146,700,1.996999979019165
