wall_time,step,value
1772274482.707999,100,0.0
1772276779.1907744,150,0.0
1772278972.4391377,200,0.0
1772281405.2804997,250,0.0
1772283687.949821,300,0.0
1772286141.5352223,350,0.0
1772288443.5726857,400,0.0
1772290637.7185717,450,0.0
1772292926.0776467,500,0.0
1772295295.2844532,550,0.0
1772297620.1874807,600,0.0
1772300084.455034,650,0.0
1772302962.3586202,700,0.0
