wall_time,step,value
1772274482.7266119,100,0.0
1772276779.2251515,150,0.0
1772278972.453938,200,0.0
1772281405.3137283,250,0.0
1772283687.964094,300,0.0
1772286141.5722315,350,0.0
1772288443.591217,400,0.0
1772290637.7535036,450,0.0
1772292926.0923023,500,0.0
1772295295.2990124,550,0.0
1772297620.2021117,600,0.0
1772300084.4696076,650,0.0
1772302962.3729632,700,0.0
