wall_time,step,value
1772263746.4812567,50,-0.800000011920929
1772267158.8590891,100,-0.800000011920929
1772270558.7754405,150,1.3731000423431396
