wall_time,step,value
1772274482.726706,100,0.0
1772276779.2252307,150,0.0
1772278972.454012,200,0.0
1772281405.313803,250,0.0
1772283687.9641654,300,0.0
1772286141.5723147,350,0.0
1772288443.59131,400,0.0
1772290637.7535748,450,0.0
1772292926.0923758,500,0.0
1772295295.2990854,550,0.0
1772297620.202187,600,0.0
1772300084.4696803,650,0.0
1772302962.3730364,700,0.0
