wall_time,step,value
1772274482.6906774,100,0.0
1772276779.1784964,150,0.0
1772278972.4267685,200,0.0
1772281405.2684486,250,0.0
1772283687.9377685,300,0.0
1772286141.523349,350,0.0
1772288443.55715,400,0.0
1772290637.7066448,450,0.0
1772292926.0655463,500,0.0
1772295295.2461195,550,0.0
1772297620.175207,600,0.0
1772300084.4181263,650,0.0
1772302962.3467553,700,0.0
