wall_time,step,value
1772274482.667364,100,0.0
1772276779.156085,150,0.0
1772278972.4031441,200,0.0
1772281405.246325,250,0.0
1772283687.915555,300,0.0
1772286141.501062,350,0.0
1772288443.5286026,400,0.0
1772290637.6848502,450,0.0
1772292926.0430496,500,0.0
1772295295.2237046,550,0.0
1772297620.1523561,600,0.0
1772300084.3955667,650,0.0
1772302962.3247643,700,0.0
