wall_time,step,value
1772263746.486034,50,0.3107949197292328
1772267158.8639824,100,0.0
1772270558.781649,150,0.7695950269699097
