wall_time,step,value
1772274482.7246363,100,0.0
1772276779.20391,150,0.0
1772278972.452369,200,0.0
1772281405.3121786,250,0.0
1772283687.9625745,300,0.0
1772286141.5707204,350,0.0
1772288443.5892184,400,0.0
1772290637.7519867,450,0.0
1772292926.0907218,500,0.0
1772295295.2974577,550,0.0
1772297620.2005565,600,0.0
1772300084.4680383,650,0.0
1772302962.3714302,700,0.0
