wall_time,step,value
1772274482.6792755,100,0.0
1772276779.1671565,150,0.0
1772278972.4143822,200,0.0
1772281405.2572153,250,0.0
1772283687.926559,300,0.0
1772286141.5118713,350,0.0
1772288443.5425847,400,0.0
1772290637.6956751,450,0.0
1772292926.0542746,500,0.0
1772295295.234839,550,0.0
1772297620.163484,600,0.0
1772300084.406699,650,0.0
1772302962.3356223,700,0.0
