wall_time,step,value
1772263746.4784184,50,-1.0
1772267158.8562264,100,-1.0
1772270558.7702377,150,-0.8619999885559082
