wall_time,step,value
1772274482.7240417,100,0.0
1772276779.2035437,150,0.0
1772278972.4519885,200,0.0
1772281405.3118033,250,0.0
1772283687.9622118,300,0.0
1772286141.570359,350,0.0
1772288443.5887535,400,0.0
1772290637.7516263,450,0.0
1772292926.0903513,500,0.0
1772295295.2970877,550,0.0
1772297620.2001855,600,0.0
1772300084.4676695,650,0.0
1772302962.3710668,700,0.0
