wall_time,step,value
1772274482.6850488,100,0.0
1772276779.1730509,150,0.0
1772278972.4212239,200,0.0
1772281405.262996,250,0.0
1772283687.9324117,300,0.0
1772286141.5178864,350,0.0
1772288443.5500076,400,0.0
1772290637.7013156,450,0.0
1772292926.0600653,500,0.0
1772295295.240782,550,0.0
1772297620.1697254,600,0.0
1772300084.4126656,650,0.0
1772302962.3414052,700,0.0
