wall_time,step,value
1772263746.484134,50,1.8919999599456787
1772267158.8620315,100,1.0609999895095825
1772270558.7797267,150,1.8919999599456787
