wall_time,step,value
1772263746.4822457,50,2.4577224254608154
1772267158.8600879,100,1.398400068283081
1772270558.778066,150,2.6593475341796875
