wall_time,step,value
1772274482.713476,100,0.0
1772276779.1950378,150,0.0
1772278972.4434917,200,0.0
1772281405.2847202,250,0.0
1772283687.9540107,300,0.0
1772286141.5394216,350,0.0
1772288443.578118,400,0.0
1772290637.7431178,450,0.0
1772292926.0819316,500,0.0
1772295295.288723,550,0.0
1772297620.1917903,600,0.0
1772300084.4592721,650,0.0
1772302962.3628445,700,0.0
