wall_time,step,value
1772263746.4806676,50,-0.800000011920929
1772267158.8584874,100,-0.800000011920929
1772270558.7738264,150,0.23333333432674408
