wall_time,step,value
1772263746.486507,50,1.569870948791504
1772267158.8644643,100,1.50849449634552
1772270558.7821212,150,1.666021466255188
