wall_time,step,value
1772263746.479639,50,0.0
1772267158.8574593,100,0.0
1772270558.771742,150,0.0
