wall_time,step,value
1772274482.681691,100,0.0
1772276779.16962,150,0.0
1772278972.4177177,200,0.0
1772281405.2596226,250,0.0
1772283687.928995,300,0.0
1772286141.5145311,350,0.0
1772288443.5456889,400,0.0
1772290637.6979818,450,0.0
1772292926.0566332,500,0.0
1772295295.2373254,550,0.0
1772297620.1659646,600,0.0
1772300084.409191,650,0.0
1772302962.3380437,700,0.0
