wall_time,step,value
1772263746.4785316,50,0.0
1772267158.8563287,100,0.0
1772270558.7703524,150,0.6284552216529846
