wall_time,step,value
1772274482.6648278,100,0.0
1772276779.154087,150,0.0
1772278972.4011123,200,0.0
1772281405.2443578,250,0.0
1772283687.9135995,300,0.0
1772286141.499077,350,0.0
1772288443.5260339,400,0.0
1772290637.6828797,450,0.0
1772292926.0410168,500,0.0
1772295295.2216494,550,0.0
1772297620.1503396,600,0.0
1772300084.3935559,650,0.0
1772302962.3227823,700,0.0
