wall_time,step,value
1772274482.711232,100,0.0
1772276779.193312,150,0.0
1772278972.4417262,200,0.0
1772281405.282991,250,0.0
1772283687.9523067,300,0.0
1772286141.5377278,350,0.0
1772288443.5758839,400,0.0
1772290637.7414203,450,0.0
1772292926.0801837,500,0.0
1772295295.286974,550,0.0
1772297620.1900616,600,0.0
1772300084.4575405,650,0.0
1772302962.3611114,700,0.0
