wall_time,step,value
1772263746.4817476,50,1.569870948791504
1772267158.859599,100,1.50849449634552
1772270558.7771013,150,1.666021466255188
