wall_time,step,value
1772274482.7038426,100,0.0
1772276779.1874309,150,0.0
1772278972.435717,200,0.0
1772281405.277208,250,0.0
1772283687.946526,300,0.0
1772286141.5319731,350,0.0
1772288443.568467,400,0.0
1772290637.7153356,450,0.0
1772292926.0743372,500,0.0
1772295295.2549222,550,0.0
1772297620.1841557,600,0.0
1772300084.4516752,650,0.0
1772302962.3553767,700,0.0
