wall_time,step,value
1772263746.4878426,50,2.63671875
1772267158.8657997,100,-0.800000011920929
1772270558.7834406,150,-0.800000011920929
