wall_time,step,value
1772274482.7262316,100,0.0
1772276779.205164,150,0.0
1772278972.4536417,200,0.0
1772281405.3134363,250,0.0
1772283687.9638069,300,0.0
1772286141.5719395,350,0.0
1772288443.5908513,400,0.0
1772290637.753218,450,0.0
1772292926.0919752,500,0.0
1772295295.298718,550,0.0
1772297620.2018166,600,0.0
1772300084.469312,650,0.0
1772302962.372676,700,0.0
