wall_time,step,value
1772263746.4870741,50,0.6387210488319397
1772267158.8650265,100,1.4838858842849731
1772270558.7826822,150,0.6817464232444763
