wall_time,step,value
1772263746.4834774,50,2.7755575615628914e-17
1772267158.8613658,100,2.7755575615628914e-17
1772270558.7795324,150,2.7755575615628914e-17
