wall_time,step,value
1772274482.7219803,100,0.0
1772276779.2018685,150,0.0
1772278972.450403,200,0.0
1772281405.3102424,250,0.0
1772283687.9606788,300,0.0
1772286141.5688362,350,0.0
1772288443.5867178,400,0.0
1772290637.7500968,450,0.0
1772292926.088788,500,0.0
1772295295.2955136,550,0.0
1772297620.1986175,600,0.0
1772300084.4661143,650,0.0
1772302962.3695397,700,0.0
