wall_time,step,value
1772263746.477332,50,2.7755575615628914e-17
1772267158.8551235,100,2.7755575615628914e-17
1772270558.769113,150,2.7755575615628914e-17
