wall_time,step,value
1772263746.4891794,50,0.0
1772267158.8671036,100,1.5
1772270558.7847743,150,1.5
