wall_time,step,value
1772274482.6896932,100,-1.0
1772276779.1774971,150,-1.0
1772278972.425753,200,-1.0
1772281405.2674382,250,-1.0
1772283687.9367847,300,-1.0
1772286141.5222335,350,-1.0
1772288443.5557368,400,-1.0
1772290637.705669,450,-1.0
1772292926.0645387,500,-1.0
1772295295.2451162,550,-1.0
1772297620.1741986,600,-1.0
1772300084.4171188,650,-1.0
1772302962.3457725,700,-1.0
