wall_time,step,value
1772274482.6774483,100,-1.0
1772276779.1654162,150,-1.0
1772278972.4125721,200,-1.0
1772281405.255487,250,-1.0
1772283687.9248369,300,-1.0
1772286141.5101566,350,-1.0
1772288443.540377,400,-1.0
1772290637.693963,450,-1.0
1772292926.052495,500,-1.0
1772295295.2330902,550,-1.0
1772297620.1617084,600,-1.0
1772300084.404944,650,-1.0
1772302962.3339005,700,-1.0
