wall_time,step,value
1772274482.7082036,100,0.0
1772276779.1909282,150,0.0
1772278972.4392946,200,0.0
1772281405.2806513,250,0.0
1772283687.9499707,300,0.0
1772286141.5353827,350,0.0
1772288443.572882,400,0.0
1772290637.718721,450,0.0
1772292926.0778039,500,0.0
1772295295.2846057,550,0.0
1772297620.1876395,600,0.0
1772300084.4551866,650,0.0
1772302962.3587737,700,0.0
