wall_time,step,value
1772274482.6773703,100,0.0
1772276779.165337,150,0.0
1772278972.4124901,200,0.0
1772281405.2554104,250,0.0
1772283687.9247584,300,0.0
1772286141.5100768,350,0.0
1772288443.5402832,400,0.0
1772290637.6938848,450,0.0
1772292926.0524085,500,0.0
1772295295.2330098,550,0.0
1772297620.1616292,600,0.0
1772300084.4048638,650,0.0
1772302962.3338203,700,0.0
