wall_time,step,value
1772263746.4793372,50,0.0
1772267158.8571482,100,0.0
1772270558.7712677,150,0.09156396985054016
