wall_time,step,value
1772263746.4853816,50,0.18428833782672882
1772267158.8633075,100,0.07039999961853027
1772270558.780982,150,0.1662949174642563
