wall_time,step,value
1772274482.6795883,100,0.0
1772276779.167473,150,0.0
1772278972.4147067,200,0.0
1772281405.2575252,250,0.0
1772283687.9268703,300,0.0
1772286141.5124338,350,0.0
1772288443.5430048,400,0.0
1772290637.6959877,450,0.0
1772292926.0545933,500,0.0
1772295295.235157,550,0.0
1772297620.1638062,600,0.0
1772300084.407018,650,0.0
1772302962.335934,700,0.0
