wall_time,step,value
1772274482.7083035,100,-1.0
1772276779.1910048,150,-1.0
1772278972.4393744,200,-1.0
1772281405.2807264,250,-1.0
1772283687.9500456,300,-1.0
1772286141.5354574,350,-1.0
1772288443.572979,400,-1.0
1772290637.7187958,450,-1.0
1772292926.07788,500,-1.0
1772295295.284682,550,-1.0
1772297620.1877155,600,-1.0
1772300084.4552624,650,-1.0
1772302962.3588486,700,-1.0
