wall_time,step,value
1772274482.6813838,100,0.0
1772276779.1693017,150,0.0
1772278972.416584,200,0.0
1772281405.2593162,250,0.0
1772283687.9286842,300,0.0
1772286141.514223,350,0.0
1772288443.545295,400,0.0
1772290637.6976724,450,0.0
1772292926.0564528,500,0.0
1772295295.2370052,550,0.0
1772297620.1656494,600,0.0
1772300084.4088745,650,0.0
1772302962.3377345,700,0.0
