wall_time,step,value
1772274482.695603,100,0.0
1772276779.1809313,150,0.0
1772278972.4291148,200,0.0
1772281405.270728,250,0.0
1772283687.9401267,300,0.0
1772286141.525611,350,0.0
1772288443.5599902,400,0.0
1772290637.7089148,450,0.0
1772292926.067853,500,0.0
1772295295.2484636,550,0.0
1772297620.1775093,600,0.0
1772300084.4205463,650,0.0
1772302962.3490248,700,0.0
