wall_time,step,value
1772263746.4843285,50,-0.14800000190734863
1772267158.862227,100,-0.9039999842643738
1772270558.779916,150,-0.14800000190734863
