wall_time,step,value
1772263746.4776301,50,-1.0
1772267158.8554134,100,-1.0
1772270558.769422,150,0.0
