wall_time,step,value
1772274482.6985323,100,0.0
1772276779.183225,150,0.0
1772278972.4314318,200,0.0
1772281405.273022,250,0.0
1772283687.9423785,300,0.0
1772286141.5278702,350,0.0
1772288443.5629077,400,0.0
1772290637.7111673,450,0.0
1772292926.0701396,500,0.0
1772295295.2507358,550,0.0
1772297620.1797843,600,0.0
1772300084.4228547,650,0.0
1772302962.3512506,700,0.0
