wall_time,step,value
1772274482.685738,100,0.0
1772276779.173644,150,0.0
1772278972.4218283,200,0.0
1772281405.2635741,250,0.0
1772283687.932996,300,0.0
1772286141.518464,350,0.0
1772288443.5507667,400,0.0
1772290637.7019017,450,0.0
1772292926.0606804,500,0.0
1772295295.241371,550,0.0
1772297620.1703365,600,0.0
1772300084.4132652,650,0.0
1772302962.3419857,700,0.0
