wall_time,step,value
1772263746.479437,50,0.0
1772267158.8572567,100,0.0
1772270558.771448,150,0.009200000204145908
