wall_time,step,value
1772263746.4908538,50,-0.800000011920929
1772267158.868774,100,0.8670898675918579
1772270558.7864316,150,0.8670898675918579
