wall_time,step,value
1772263746.4814537,50,-0.800000011920929
1772267158.8592916,100,-0.800000011920929
1772270558.7761042,150,-0.6574000120162964
