wall_time,step,value
1772274482.696968,100,0.0
1772276779.1820006,150,0.0
1772278972.4301956,200,0.0
1772281405.2717705,250,0.0
1772283687.9411902,300,0.0
1772286141.5266874,350,0.0
1772288443.5613525,400,0.0
1772290637.7099736,450,0.0
1772292926.0689318,500,0.0
1772295295.2495286,550,0.0
1772297620.1785765,600,0.0
1772300084.4216287,650,0.0
1772302962.3500664,700,0.0
