wall_time,step,value
1772274482.694834,100,0.0
1772276779.1802895,150,0.0
1772278972.4284923,200,0.0
1772281405.270117,250,0.0
1772283687.9394226,300,0.0
1772286141.5250099,350,0.0
1772288443.5592096,400,0.0
1772290637.7083151,450,0.0
1772292926.0672421,500,0.0
1772295295.247838,550,0.0
1772297620.1769013,600,0.0
1772300084.4199116,650,0.0
1772302962.3484232,700,0.0
