wall_time,step,value
1772274482.6735046,100,0.0
1772276779.1613872,150,0.0
1772278972.4084332,200,0.0
1772281405.2515311,250,0.0
1772283687.9208517,300,0.0
1772286141.5062034,350,0.0
1772288443.5352879,400,0.0
1772290637.6900144,450,0.0
1772292926.048403,500,0.0
1772295295.2290654,550,0.0
1772297620.157675,600,0.0
1772300084.400874,650,0.0
1772302962.3299327,700,0.0
