wall_time,step,value
1772274482.692026,100,0.0
1772276779.17988,150,0.0
1772278972.4281785,200,0.0
1772281405.2698152,250,0.0
1772283687.9391222,300,0.0
1772286141.524713,350,0.0
1772288443.5588198,400,0.0
1772290637.7079985,450,0.0
1772292926.0669348,500,0.0
1772295295.247532,550,0.0
1772297620.1765988,600,0.0
1772300084.4196026,650,0.0
1772302962.348108,700,0.0
