wall_time,step,value
1772263746.487635,50,0.6000000238418579
1772267158.865613,100,0.0
1772270558.7832606,150,0.0
