wall_time,step,value
1772274482.7087939,100,0.0
1772276779.1913886,150,0.0
1772278972.4397655,200,0.0
1772281405.2811038,250,0.0
1772283687.9504218,300,0.0
1772286141.5358312,350,0.0
1772288443.5734658,400,0.0
1772290637.7191708,450,0.0
1772292926.0782616,500,0.0
1772295295.2850618,550,0.0
1772297620.1881166,600,0.0
1772300084.4556453,650,0.0
1772302962.3592324,700,0.0
