wall_time,step,value
1772274482.6977468,100,0.0
1772276779.1826127,150,0.0
1772278972.4308128,200,0.0
1772281405.2725427,250,0.0
1772283687.9417832,300,0.0
1772286141.5272782,350,0.0
1772288443.562126,400,0.0
1772290637.710572,450,0.0
1772292926.0695364,500,0.0
1772295295.2501311,550,0.0
1772297620.1791804,600,0.0
1772300084.42224,650,0.0
1772302962.3506572,700,0.0
