wall_time,step,value
1772263746.4827332,50,2.7755575615628914e-17
1772267158.860589,100,2.7755575615628914e-17
1772270558.7786705,150,2.7755575615628914e-17
