wall_time,step,value
1772274482.7085025,100,2.0
1772276779.1911566,150,2.0
1772278972.43953,200,2.0
1772281405.2808774,250,2.0
1772283687.9501948,300,2.0
1772286141.5356064,350,2.0
1772288443.5731719,400,2.0
1772290637.7189455,450,2.0
1772292926.078032,500,2.0
1772295295.2848334,550,2.0
1772297620.1878724,600,2.0
1772300084.455415,650,2.0
1772302962.3589997,700,2.0
