wall_time,step,value
1772263746.4761345,50,-0.800000011920929
1772267158.8540387,100,-0.800000011920929
1772270558.7679946,150,1.37309992313385
