wall_time,step,value
1772274482.6893842,100,-1.0
1772276779.1771917,150,-1.0
1772278972.4254408,200,-1.0
1772281405.2671342,250,-1.0
1772283687.936483,300,-1.0
1772286141.5219333,350,-1.0
1772288443.5553398,400,-1.0
1772290637.7053673,450,-1.0
1772292926.0642262,500,-1.0
1772295295.2448094,550,-1.0
1772297620.1738908,600,-1.0
1772300084.4168127,650,-1.0
1772302962.345472,700,-1.0
