wall_time,step,value
1772274482.6608248,100,0.0
1772276779.151017,150,0.0
1772278972.3979836,200,0.0
1772281405.2413368,250,0.09766551107168198
1772283687.9105773,300,0.0
1772286141.4960573,350,0.0
1772288443.5220585,400,0.0
1772290637.6798005,450,0.0
1772292926.0379038,500,0.09813961386680603
1772295295.2184443,550,0.0
1772297620.1472461,600,0.09813961386680603
1772300084.3904283,650,0.13838621973991394
1772302962.3197381,700,0.0
