wall_time,step,value
1772274482.7221713,100,0.0
1772276779.2020173,150,0.0
1772278972.4505546,200,0.0
1772281405.3103926,250,0.0
1772283687.9608252,300,0.0
1772286141.5689812,350,0.0
1772288443.586914,400,0.0
1772290637.7502477,450,0.0
1772292926.0889392,500,0.09482088685035706
1772295295.2956662,550,0.0
1772297620.1987677,600,0.0
1772300084.4662638,650,0.09482088685035706
1772302962.3696868,700,0.0
