wall_time,step,value
1772274482.7263248,100,0.0
1772276779.2052367,150,0.0
1772278972.453716,200,0.0
1772281405.3135095,250,0.0
1772283687.9638786,300,0.0
1772286141.572013,350,0.0
1772288443.5909379,400,0.0
1772290637.7532895,450,0.0
1772292926.092048,500,0.0
1772295295.298791,550,0.0
1772297620.2018926,600,0.0
1772300084.4693847,650,0.0
1772302962.3727481,700,0.0
