wall_time,step,value
1772274482.6731997,100,0.0
1772276779.1610744,150,0.0
1772278972.4081123,200,0.0
1772281405.2512217,250,0.0
1772283687.9205487,300,0.0
1772286141.5059009,350,0.0
1772288443.5348907,400,0.0
1772290637.6897116,450,0.0
1772292926.0480819,500,0.0
1772295295.228757,550,0.0
1772297620.1573615,600,0.0
1772300084.4005642,650,0.0
1772302962.3296292,700,0.0
