wall_time,step,value
1772274482.708593,100,0.0
1772276779.1912346,150,0.0
1772278972.439608,200,0.0
1772281405.2809532,250,0.0
1772283687.9502702,300,0.0
1772286141.535681,350,0.0
1772288443.5732708,400,0.0
1772290637.7190206,450,0.0
1772292926.0781088,500,0.0
1772295295.2849104,550,0.0
1772297620.187959,600,0.0
1772300084.455491,650,0.0
1772302962.3590748,700,0.0
