wall_time,step,value
1772274482.6901438,100,2.0
1772276779.1779604,150,2.0
1772278972.426221,200,2.0
1772281405.2679,250,2.0
1772283687.937238,300,2.0
1772286141.5227737,350,2.0
1772288443.5564644,400,2.0
1772290637.7061186,450,2.0
1772292926.065005,500,2.0
1772295295.2455788,550,2.0
1772297620.1746619,600,2.0
1772300084.4175837,650,2.0
1772302962.3462257,700,2.0
