wall_time,step,value
1772274482.6917279,100,0.0
1772276779.1795745,150,0.0
1772278972.4278622,200,0.0
1772281405.2695115,250,0.0
1772283687.9388232,300,0.0
1772286141.5244157,350,0.0
1772288443.5584288,400,0.0
1772290637.7077,450,0.0
1772292926.0666268,500,0.0
1772295295.247225,550,0.0
1772297620.176294,600,0.0
1772300084.4192014,650,0.0
1772302962.347808,700,0.0
