wall_time,step,value
1772274482.6651118,100,2.0
1772276779.1543128,150,2.0
1772278972.4013388,200,2.0
1772281405.2445753,250,2.0
1772283687.9138172,300,2.0
1772286141.4992998,350,2.0
1772288443.5263257,400,2.0
1772290637.6830974,450,2.0
1772292926.0412507,500,2.0
1772295295.2218752,550,2.0
1772297620.150563,600,2.0
1772300084.3937793,650,2.0
1772302962.3230011,700,2.0
