wall_time,step,value
1772274482.7220738,100,2.0
1772276779.2019427,150,2.0
1772278972.450479,200,2.0
1772281405.310316,250,2.0
1772283687.9607518,300,2.0
1772286141.5689085,350,2.0
1772288443.586813,400,2.0
1772290637.7501693,450,2.0
1772292926.0888622,500,1.996999979019165
1772295295.295587,550,2.0
1772297620.1986916,600,2.0
1772300084.466188,650,1.996999979019165
1772302962.3696125,700,2.0
