wall_time,step,value
1772263746.4774375,50,0.20000000298023224
1772267158.8552155,100,0.20000000298023224
1772270558.7692206,150,0.20000000298023224
