wall_time,step,value
1772263746.4767392,50,2.7755575615628914e-17
1772267158.8545148,100,2.7755575615628914e-17
1772270558.768499,150,2.7755575615628914e-17
