wall_time,step,value
1772274482.690069,100,0.0
1772276779.1778839,150,0.0
1772278972.4261427,200,0.0
1772281405.2678246,250,0.0
1772283687.9371624,300,0.0
1772286141.52261,350,0.0
1772288443.556352,400,0.0
1772290637.706044,450,0.0
1772292926.0649269,500,0.0
1772295295.2455025,550,0.0
1772297620.1745834,600,0.0
1772300084.4175074,650,0.0
1772302962.3461506,700,0.0
