wall_time,step,value
1772274482.6691537,100,0.0
1772276779.1575081,150,0.0
1772278972.4044976,200,0.0
1772281405.2477033,250,0.0
1772283687.9169354,300,0.0
1772286141.5024235,350,0.0
1772288443.5303507,400,0.0
1772290637.686214,450,0.0
1772292926.044525,500,0.0
1772295295.2251334,550,0.0
1772297620.1537635,600,0.0
1772300084.3969731,650,0.0
1772302962.326132,700,0.0
