wall_time,step,value
1772274482.7108324,100,0.0
1772276779.193004,150,0.0
1772278972.441418,200,0.0
1772281405.2826905,250,0.0
1772283687.9520001,300,0.0
1772286141.5374298,350,0.0
1772288443.5754964,400,0.0
1772290637.7411199,450,0.0
1772292926.079874,500,0.0
1772295295.286665,550,0.0
1772297620.1897585,600,0.0
1772300084.4572399,650,0.0
1772302962.3608143,700,0.0
