wall_time,step,value
1772263746.4783242,50,0.0
1772267158.85612,100,0.0
1772270558.7701366,150,1.3734594583511353
