wall_time,step,value
1772274482.6919513,100,0.0
1772276779.1798038,150,0.0
1772278972.4280958,200,0.0
1772281405.2697403,250,0.0
1772283687.9390473,300,0.0
1772286141.5246387,350,0.0
1772288443.5587158,400,0.0
1772290637.7079234,450,0.0
1772292926.0668588,500,0.0
1772295295.2474556,550,0.0
1772297620.1765225,600,0.0
1772300084.4195242,650,0.0
1772302962.3480332,700,0.0
