wall_time,step,value
1772274482.6965866,100,0.00022635194181930274
1772276779.1817005,150,0.00010288724297424778
1772278972.4298902,200,0.0
1772281405.2714753,250,0.0
1772283687.9408917,300,0.0
1772286141.5263906,350,0.00022635194181930274
1772288443.5609682,400,0.00010288724297424778
1772290637.7096624,450,0.0027573781553655863
1772292926.0686255,500,0.0004527038836386055
1772295295.2492282,550,0.0
1772297620.1782753,600,0.0
1772300084.4213228,650,0.0
1772302962.3497725,700,0.0
