wall_time,step,value
1772263746.4825385,50,1.4618176221847534
1772267158.8604052,100,0.5631999969482422
1772270558.7786448,150,1.5376262664794922
