wall_time,step,value
1772274482.7030935,100,0.0
1772276779.1868472,150,0.0
1772278972.4351223,200,0.0
1772281405.2766242,250,0.0
1772283687.9459488,300,0.0
1772286141.5314,350,0.0
1772288443.5677001,400,0.0
1772290637.7147608,450,0.0
1772292926.0737479,500,0.0
1772295295.2543375,550,0.0
1772297620.1835349,600,0.0
1772300084.451082,650,0.0
1772302962.3548005,700,0.0
