wall_time,step,value
1772274482.7215064,100,-1.0
1772276779.2014966,150,-1.0
1772278972.4500256,200,-1.0
1772281405.3098714,250,-1.0
1772283687.9603133,300,-1.0
1772286141.5684736,350,-1.0
1772288443.586225,400,-1.0
1772290637.7497334,450,-1.0
1772292926.088411,500,-1.0
1772295295.295143,550,-1.0
1772297620.1982436,600,-1.0
1772300084.4657452,650,-1.0
1772302962.3691752,700,-1.0
