wall_time,step,value
1772263746.489085,50,-1.0
1772267158.8670006,100,0.5
1772270558.7846723,150,0.5
