wall_time,step,value
1772274482.6905997,100,-1.0
1772276779.17842,150,-1.0
1772278972.4266906,200,-1.0
1772281405.2683725,250,-1.0
1772283687.9376929,300,-1.0
1772286141.5232685,350,-1.0
1772288443.5570524,400,-1.0
1772290637.7065697,450,-1.0
1772292926.0654697,500,-1.0
1772295295.246043,550,-1.0
1772297620.1751306,600,-1.0
1772300084.4180493,650,-1.0
1772302962.3466783,700,-1.0
