wall_time,step,value
1772274482.681,100,0.0
1772276779.16891,150,0.0
1772278972.4161704,200,0.0
1772281405.2589273,250,0.0
1772283687.9282923,300,0.0
1772286141.5138385,350,0.0
1772288443.5447795,400,0.0
1772290637.6972878,450,0.0
1772292926.0560477,500,0.0
1772295295.2366014,550,0.0
1772297620.1652558,600,0.0
1772300084.408481,650,0.0
1772302962.3373477,700,0.0
