wall_time,step,value
1772263746.4874475,50,0.20000000298023224
1772267158.865415,100,0.20000000298023224
1772270558.7830749,150,0.20000000298023224
