wall_time,step,value
1772274482.6647334,100,2.0
1772276779.154013,150,2.0
1772278972.401037,200,2.0
1772281405.2442844,250,2.0
1772283687.9135268,300,2.0
1772286141.499004,350,2.0
1772288443.5259454,400,2.0
1772290637.6828072,450,2.0
1772292926.0409417,500,2.0
1772295295.221575,550,2.0
1772297620.1502666,600,2.0
1772300084.393481,650,2.0
1772302962.3227096,700,2.0
