wall_time,step,value
1772274482.6904476,100,2.0
1772276779.178266,150,2.0
1772278972.4265342,200,2.0
1772281405.2682135,250,2.0
1772283687.9375417,300,2.0
1772286141.5231075,350,2.0
1772288443.5568562,400,2.0
1772290637.7064195,450,2.0
1772292926.0653145,500,2.0
1772295295.245887,550,2.0
1772297620.1749763,600,2.0
1772300084.4178944,650,2.0
1772302962.3465276,700,2.0
