wall_time,step,value
1772274482.7079012,100,-1.0
1772276779.1906989,150,-1.0
1772278972.43906,200,-1.0
1772281405.280424,250,-1.0
1772283687.9497461,300,-1.0
1772286141.5351474,350,-1.0
1772288443.5725887,400,-1.0
1772290637.7184975,450,-1.0
1772292926.0775707,500,-1.0
1772295295.2843769,550,-1.0
1772297620.1874049,600,-1.0
1772300084.4549587,650,-1.0
1772302962.358545,700,-1.0
