wall_time,step,value
1772274482.6803794,100,0.0
1772276779.1682782,150,0.0
1772278972.415527,200,0.0
1772281405.258306,250,0.0
1772283687.9276505,300,0.0
1772286141.5132158,350,0.0
1772288443.544007,400,0.0
1772290637.6966696,450,0.0
1772292926.0553896,500,0.0
1772295295.2359567,550,0.0
1772297620.1646266,600,0.0
1772300084.4078362,650,0.0
1772302962.3367283,700,0.0
