wall_time,step,value
1772274482.6897686,100,0.0
1772276779.177577,150,0.0
1772278972.4258313,200,0.0
1772281405.2675157,250,0.0
1772283687.93686,300,0.0
1772286141.5223086,350,0.0
1772288443.5558305,400,0.0
1772290637.7057436,450,0.0
1772292926.064615,500,0.0
1772295295.245193,550,0.0
1772297620.1742768,600,0.0
1772300084.4172003,650,0.0
1772302962.345848,700,0.0
