wall_time,step,value
1772263746.4877276,50,0.2734375
1772267158.8656998,100,0.0
1772270558.7833474,150,0.0
