wall_time,step,value
1772263746.4777296,50,0.0
1772267158.8555129,100,0.0
1772270558.769513,150,1.4142135381698608
