wall_time,step,value
1772274482.6768224,100,-1.0
1772276779.1647806,150,-1.0
1772278972.4119096,200,-1.0
1772281405.2548683,250,-1.0
1772283687.9242094,300,-1.0
1772286141.5095284,350,-1.0
1772288443.539574,400,-1.0
1772290637.6933386,450,-1.0
1772292926.0518272,500,-1.0
1772295295.2324538,550,-1.0
1772297620.1610713,600,-1.0
1772300084.4043021,650,-0.996999979019165
1772302962.3332713,700,-1.0
