wall_time,step,value
1772274482.6654177,100,0.0
1772276779.1545396,150,0.0
1772278972.401566,200,0.0
1772281405.244793,250,0.0
1772283687.9140346,300,0.0
1772286141.4995258,350,0.0
1772288443.5266004,400,0.0
1772290637.6833148,450,0.0
1772292926.0414815,500,0.0
1772295295.2221403,550,0.0
1772297620.1507883,600,0.0
1772300084.394004,650,0.0
1772302962.3232198,700,0.0
