wall_time,step,value
1772263746.4797401,50,0.0
1772267158.8575523,100,0.0
1772270558.7718983,150,0.0
