wall_time,step,value
1772263746.4886138,50,0.0
1772267158.8665626,100,0.0
1772270558.7842028,150,0.0
