wall_time,step,value
1772274482.7133775,100,0.0
1772276779.1949635,150,0.0
1772278972.443416,200,0.0
1772281405.284646,250,0.0
1772283687.953937,300,0.0
1772286141.5393484,350,0.0
1772288443.5780165,400,0.0
1772290637.7430453,450,0.0
1772292926.0818572,500,0.0
1772295295.2886486,550,0.0
1772297620.191715,600,0.0
1772300084.4591975,650,0.0
1772302962.3627622,700,0.0
