wall_time,step,value
1772274482.7100601,100,0.0003000000142492354
1772276779.1923919,150,0.0003499999875202775
1772278972.440798,200,0.00019999999494757503
1772281405.282088,250,0.0
1772283687.9514055,300,0.0
1772286141.5368378,350,0.0
1772288443.574758,400,0.0003000000142492354
1772290637.7405148,450,0.0
1772292926.0792594,500,0.0
1772295295.2860553,550,0.0
1772297620.1891534,600,0.0
1772300084.4566379,650,0.0
1772302962.360211,700,0.0
