wall_time,step,value
1772274482.6954985,100,0.0
1772276779.1808553,150,0.0
1772278972.4290373,200,0.0
1772281405.2706528,250,0.0
1772283687.9400508,300,0.0
1772286141.5255322,350,0.0
1772288443.559896,400,0.0
1772290637.7088394,450,0.0
1772292926.0677767,500,0.0
1772295295.248386,550,0.0
1772297620.177433,600,0.0
1772300084.4204676,650,0.0
1772302962.3489482,700,0.0
