wall_time,step,value
1772263746.4879272,50,-0.800000011920929
1772267158.8658857,100,0.8670898675918579
1772270558.7835336,150,0.8670898675918579
