wall_time,step,value
1772274482.6767445,100,0.0
1772276779.1647005,150,0.0
1772278972.4118283,200,0.0
1772281405.2547884,250,0.0
1772283687.9241247,300,0.0
1772286141.5094504,350,0.0
1772288443.5394678,400,0.0
1772290637.69326,450,0.0
1772292926.051746,500,0.0
1772295295.2323737,550,0.0
1772297620.1609921,600,0.0
1772300084.4042206,650,0.0
1772302962.333193,700,0.09482088685035706
