wall_time,step,value
1772274482.7237363,100,0.0
1772276779.2033203,150,0.0
1772278972.4517632,200,0.0
1772281405.3115804,250,0.0
1772283687.961994,300,0.0
1772286141.5701427,350,0.0
1772288443.5884635,400,0.0
1772290637.7514086,450,0.0
1772292926.0901303,500,0.0
1772295295.296867,550,0.0
1772297620.1999583,600,0.0
1772300084.4674497,650,0.0
1772302962.3708503,700,0.0
