wall_time,step,value
1772274482.7109387,100,0.0
1772276779.1930792,150,0.0
1772278972.441495,200,0.0
1772281405.2827659,250,0.0
1772283687.952075,300,0.0
1772286141.5375042,350,0.0
1772288443.5755935,400,0.0
1772290637.7411947,450,0.0
1772292926.0799499,500,0.0
1772295295.2867405,550,0.0
1772297620.1898346,600,0.0
1772300084.4573154,650,0.0
1772302962.3608885,700,0.0
