wall_time,step,value
1772263746.486129,50,0.20297871530056
1772267158.86407,100,0.0
1772270558.7817502,150,0.3454727232456207
