wall_time,step,value
1772274482.6972678,100,0.0
1772276779.1822345,150,0.0
1772278972.4304273,200,0.0
1772281405.2719908,250,0.0
1772283687.9414122,300,0.0
1772286141.52691,350,0.0
1772288443.5616426,400,0.0
1772290637.7101998,450,0.0
1772292926.0691578,500,0.0
1772295295.249754,550,0.0
1772297620.1788032,600,0.0
1772300084.4218547,650,0.0
1772302962.3502884,700,0.0
