wall_time,step,value
1772263746.4831948,50,0.20000000298023224
1772267158.861062,100,0.20000000298023224
1772270558.7794619,150,0.20000000298023224
