wall_time,step,value
1772274482.6804578,100,0.0
1772276779.1683586,150,0.0
1772278972.4156091,200,0.0
1772281405.2583835,250,0.0
1772283687.9277287,300,0.0
1772286141.5132935,350,0.0
1772288443.5441017,400,0.0
1772290637.696748,450,0.0
1772292926.0554698,500,0.0
1772295295.236036,550,0.0
1772297620.1647067,600,0.0
1772300084.4079158,650,0.0
1772302962.3368063,700,0.0
