wall_time,step,value
1772274482.690373,100,0.0
1772276779.1781895,150,0.0
1772278972.4264562,200,0.0
1772281405.2681265,250,0.0
1772283687.9374661,300,0.0
1772286141.5230265,350,0.0
1772288443.556759,400,0.0
1772290637.7063441,450,0.0
1772292926.0652373,500,0.0
1772295295.2458096,550,0.0
1772297620.1748984,600,0.0
1772300084.4178178,650,0.0
1772302962.3464522,700,0.0
