wall_time,step,value
1772274482.6793537,100,0.0
1772276779.1672366,150,0.0
1772278972.4144635,200,0.0
1772281405.2572923,250,0.0
1772283687.9266372,300,0.0
1772286141.5119486,350,0.0
1772288443.5426912,400,0.0
1772290637.6957529,450,0.0
1772292926.054355,500,0.0
1772295295.234918,550,0.0
1772297620.1635664,600,0.0
1772300084.4067793,650,0.0
1772302962.3357005,700,0.0
