wall_time,step,value
1772274482.6694367,100,0.0
1772276779.157728,150,0.0
1772278972.40472,200,0.0
1772281405.2479231,250,0.0
1772283687.9171495,300,0.0
1772286141.5026371,350,0.0
1772288443.5306745,400,0.0
1772290637.6864276,450,0.0
1772292926.0447426,500,0.0
1772295295.2253542,550,0.0
1772297620.153982,600,0.0
1772300084.3971906,650,0.0
1772302962.326346,700,0.0
