wall_time,step,value
1772274482.6973574,100,0.0
1772276779.1823099,150,0.0
1772278972.430504,200,0.0
1772281405.2720666,250,0.0
1772283687.9414861,300,0.0
1772286141.5269833,350,0.0
1772288443.5617394,400,0.0
1772290637.7102745,450,0.0
1772292926.069233,500,0.0
1772295295.2498307,550,0.0
1772297620.1788783,600,0.0
1772300084.4219398,650,0.0
1772302962.350362,700,0.0
