wall_time,step,value
1772263746.487167,50,0.12014726549386978
1772267158.865123,100,-0.6976000070571899
1772270558.7827814,150,0.16787031292915344
