wall_time,step,value
1772263746.475574,50,-0.800000011920929
1772267158.8534575,100,-0.800000011920929
1772270558.7674437,150,0.2333333045244217
