wall_time,step,value
1772274482.725951,100,0.0
1772276779.2049465,150,0.0
1772278972.4534175,200,0.0
1772281405.313217,250,0.0
1772283687.9635894,300,0.0
1772286141.5717263,350,0.0
1772288443.5905607,400,0.0
1772290637.7530046,450,0.0
1772292926.0917578,500,0.0
1772295295.2984977,550,0.0
1772297620.2015965,600,0.0
1772300084.4690907,650,0.0
1772302962.3724616,700,0.0
