wall_time,step,value
1772274482.712612,100,0.0
1772276779.1943655,150,0.0
1772278972.4428036,200,0.0
1772281405.284044,250,0.0
1772283687.9533463,300,0.0
1772286141.538763,350,0.0
1772288443.5772529,400,0.0
1772290637.7424614,450,0.0
1772292926.0812624,500,0.0
1772295295.2880337,550,0.0
1772297620.191117,600,0.0
1772300084.4585948,650,0.0
1772302962.3621616,700,0.0
