wall_time,step,value
1772274482.6728961,100,0.0
1772276779.160764,150,0.0
1772278972.4077964,200,0.0
1772281405.2509158,250,0.0
1772283687.9202359,300,0.0
1772286141.5055983,350,0.0
1772288443.534494,400,0.0
1772290637.6894093,450,0.0
1772292926.0477746,500,0.0
1772295295.2284472,550,0.0
1772297620.1570523,600,0.0
1772300084.4002585,650,0.09671729803085327
1772302962.3293257,700,0.0
