wall_time,step,value
1772263746.4787273,50,0.0
1772267158.85654,100,0.0
1772270558.7705436,150,0.094280906021595
