wall_time,step,value
1772263746.4844224,50,1.3528103828430176
1772267158.8623292,100,0.527999997138977
1772270558.7800126,150,1.3528103828430176
