wall_time,step,value
1772274482.677058,100,0.0
1772276779.1650198,150,0.0
1772278972.4121559,200,0.0
1772281405.2551012,250,0.0
1772283687.9244454,300,0.0
1772286141.5097616,350,0.0
1772288443.5398662,400,0.0
1772290637.6935728,450,0.0
1772292926.052067,500,0.0
1772295295.2326922,550,0.0
1772297620.1613114,600,0.0
1772300084.404545,650,0.0
1772302962.3335063,700,0.0
