wall_time,step,value
1772274482.6772923,100,2.0
1772276779.165258,150,2.0
1772278972.4124084,200,2.0
1772281405.2553332,250,2.0
1772283687.92468,300,2.0
1772286141.5099983,350,2.0
1772288443.540168,400,2.0
1772290637.6938071,450,2.0
1772292926.0523157,500,2.0
1772295295.2329304,550,2.0
1772297620.161549,600,2.0
1772300084.4047832,650,2.0
1772302962.3337421,700,2.0
