wall_time,step,value
1772263746.4773204,50,0.20000000298023224
1772267158.8550153,100,0.20000000298023224
1772270558.7690136,150,0.20000000298023224
