wall_time,step,value
1772274482.6981342,100,0.0
1772276779.1829174,150,0.0
1772278972.4311197,200,0.0
1772281405.2727163,250,0.0
1772283687.9420807,300,0.0
1772286141.527574,350,0.0
1772288443.5625207,400,0.0
1772290637.7108693,450,0.0
1772292926.0698383,500,0.0
1772295295.2504325,550,0.0
1772297620.1794798,600,0.0
1772300084.422543,650,0.0
1772302962.3509538,700,0.0
