wall_time,step,value
1772274482.7175984,100,0.0
1772276779.1983285,150,0.0
1772278972.446843,200,0.0
1772281405.2879817,250,0.0
1772283687.9572399,300,0.0
1772286141.5654004,350,0.0
1772288443.5822878,400,0.0
1772290637.746674,450,0.0
1772292926.0852568,500,0.0
1772295295.292018,550,0.0
1772297620.1950915,600,0.0
1772300084.4625866,650,0.0
1772302962.3660882,700,0.0
