wall_time,step,value
1772274482.6902976,100,-1.0
1772276779.1781135,150,-1.0
1772278972.426378,200,-1.0
1772281405.268051,250,-1.0
1772283687.9373906,300,-1.0
1772286141.5229452,350,-1.0
1772288443.5566616,400,-1.0
1772290637.706269,450,-1.0
1772292926.0651598,500,-1.0
1772295295.245732,550,-1.0
1772297620.1748202,600,-1.0
1772300084.417741,650,-1.0
1772302962.3463764,700,-1.0
