wall_time,step,value
1772274482.6612034,100,0.0
1772276779.151304,150,0.0
1772278972.398276,200,0.0
1772281405.2416213,250,0.0
1772283687.910859,300,0.0
1772286141.4963477,350,0.0
1772288443.5224397,400,0.0
1772290637.6801012,450,0.0
1772292926.0381927,500,0.0
1772295295.2187312,550,0.0
1772297620.1475408,600,0.0
1772300084.3907216,650,0.0
1772302962.3200197,700,0.0
