wall_time,step,value
1772263746.4753914,50,0.0
1772267158.8532763,100,0.0
1772270558.7672665,150,0.0
