wall_time,step,value
1772274482.7218866,100,-1.0
1772276779.2017949,150,-1.0
1772278972.4503274,200,-1.0
1772281405.3101685,250,-1.0
1772283687.9606056,300,-1.0
1772286141.568764,350,-1.0
1772288443.586622,400,-1.0
1772290637.7500246,450,-1.0
1772292926.088713,500,-1.0
1772295295.2954392,550,-1.0
1772297620.1985416,600,-1.0
1772300084.46604,650,-1.0
1772302962.369467,700,-1.0
