wall_time,step,value
1772274482.7127018,100,0.0
1772276779.1944396,150,0.0
1772278972.4428792,200,0.0
1772281405.2841177,250,0.0
1772283687.9534194,300,0.0
1772286141.5388358,350,0.0
1772288443.5773475,400,0.0
1772290637.7425342,450,0.0
1772292926.0813363,500,0.0
1772295295.2881088,550,0.0
1772297620.1911922,600,0.0
1772300084.4586687,650,0.0
1772302962.3622348,700,0.0
