wall_time,step,value
1772263746.483377,50,0.20000000298023224
1772267158.8612711,100,0.20000000298023224
1772270558.7794993,150,0.20000000298023224
