wall_time,step,value
1772274482.6980374,100,0.0
1772276779.1828418,150,0.0
1772278972.431043,200,0.0
1772281405.2726398,250,0.0
1772283687.942006,300,0.0
1772286141.5274994,350,0.0
1772288443.5624225,400,0.0
1772290637.7107947,450,0.0
1772292926.0697637,500,0.0
1772295295.2503562,550,0.0
1772297620.1794045,600,0.0
1772300084.4224684,650,0.0
1772302962.350879,700,0.0
