wall_time,step,value
1772263746.485097,50,0.42065000534057617
1772267158.8630033,100,0.27480000257492065
1772270558.7806947,150,0.4074999988079071
