wall_time,step,value
1772274482.7113261,100,0.0
1772276779.1933875,150,0.0
1772278972.441804,200,0.0
1772281405.2830663,250,0.0
1772283687.9523811,300,0.0
1772286141.5378025,350,0.0
1772288443.5759873,400,0.0
1772290637.741495,450,0.0
1772292926.0802648,500,0.0
1772295295.2870483,550,0.0
1772297620.1901374,600,0.0
1772300084.4576163,650,0.0
1772302962.3611856,700,0.0
