wall_time,step,value
1772263746.4842358,50,0.5588703155517578
1772267158.8621292,100,1.3911430835723877
1772270558.7798293,150,0.5588703155517578
