wall_time,step,value
1772263746.4795377,50,0.0
1772267158.857351,100,0.0
1772270558.7715816,150,0.041897017508745193
