wall_time,step,value
1772274482.696487,100,7.161458142945776e-06
1772276779.1816247,150,3.2552084121562075e-06
1772278972.4298124,200,0.0
1772281405.271401,250,0.0
1772283687.9408162,300,0.0
1772286141.5263143,350,7.161458142945776e-06
1772288443.560871,400,3.2552084121562075e-06
1772290637.709587,450,8.723958308110014e-05
1772292926.0685492,500,1.4322916285891552e-05
1772295295.249152,550,0.0
1772297620.1782,600,0.0
1772300084.421243,650,0.0
1772302962.3496976,700,0.0
