wall_time,step,value
1772263746.4753013,50,0.0
1772267158.8531933,100,0.0
1772270558.7671678,150,0.0
