wall_time,step,value
1772274482.7078114,100,0.0
1772276779.1906211,150,0.0
1772278972.4389818,200,0.0
1772281405.280348,250,0.0
1772283687.9496713,300,0.09482088685035706
1772286141.535073,350,0.09482088685035706
1772288443.5724907,400,0.0
1772290637.7184222,450,0.0
1772292926.0774944,500,0.0
1772295295.2842987,550,0.0
1772297620.1873288,600,0.0
1772300084.4548821,650,0.13402985036373138
1772302962.3584702,700,0.09482088685035706
