wall_time,step,value
1772274482.6652215,100,0.0
1772276779.1543913,150,0.0
1772278972.4014149,200,0.0
1772281405.244648,250,0.0
1772283687.91389,300,0.0
1772286141.4993746,350,0.0
1772288443.5264142,400,0.0
1772290637.68317,450,0.0
1772292926.0413337,500,0.0
1772295295.2219539,550,0.0
1772297620.150639,600,0.0
1772300084.3938558,650,0.0
1772302962.3230743,700,0.0
