wall_time,step,value
1772263746.4803674,50,0.0
1772267158.8581848,100,0.0
1772270558.7728212,150,0.0
