wall_time,step,value
1772263746.488236,50,0.0
1772267158.8661697,100,1.4359595775604248
1772270558.7838151,150,1.4359595775604248
