wall_time,step,value
1772263746.4804606,50,0.0
1772267158.858285,100,0.0
1772270558.7732127,150,0.0
