wall_time,step,value
1772263746.4872615,50,1.4618176221847534
1772267158.8652203,100,0.5631999969482422
1772270558.7828665,150,1.5376262664794922
