wall_time,step,value
1772263746.475211,50,-1.0
1772267158.8530903,100,-1.0
1772270558.7670782,150,-1.0
