wall_time,step,value
1772263746.4813554,50,1.1102230246251565e-16
1772267158.859192,100,1.1102230246251565e-16
1772270558.775738,150,1.4192414283752441
