wall_time,step,value
1772274482.7138183,100,0.0
1772276779.1953368,150,0.0
1772278972.4437995,200,0.0
1772281405.285019,250,0.0
1772283687.954305,300,0.0
1772286141.5397134,350,0.0
1772288443.5784929,400,0.0
1772290637.74341,450,0.0
1772292926.0822296,500,0.0
1772295295.2890248,550,0.0
1772297620.1920905,600,0.0
1772300084.459575,650,0.0
1772302962.3631406,700,0.0
