wall_time,step,value
1772263746.4880342,50,0.0
1772267158.8659854,100,1.667089819908142
1772270558.783635,150,1.667089819908142
