wall_time,step,value
1772274482.6807668,100,0.0
1772276779.1686764,150,0.0
1772278972.415929,200,0.0
1772281405.2586923,250,0.0
1772283687.928038,300,0.0
1772286141.513608,350,0.0
1772288443.5444813,400,0.0
1772290637.697057,450,0.0
1772292926.0557938,500,0.0
1772295295.236364,550,0.0
1772297620.1650202,600,0.0
1772300084.4082425,650,0.0
1772302962.3371158,700,0.0
