wall_time,step,value
1772263746.4807606,50,1.1102230246251565e-16
1772267158.8585882,100,1.1102230246251565e-16
1772270558.7738976,150,1.4613540172576904
