wall_time,step,value
1772274482.677527,100,0.0
1772276779.165496,150,0.0
1772278972.4126549,200,0.0
1772281405.255564,250,0.0
1772283687.9249153,300,0.0
1772286141.510235,350,0.0
1772288443.54048,400,0.0
1772290637.6940408,450,0.0
1772292926.0525775,500,0.0
1772295295.2331688,550,0.0
1772297620.161788,600,0.0
1772300084.4050233,650,0.0
1772302962.3339787,700,0.0
