wall_time,step,value
1772263746.4766347,50,0.20000000298023224
1772267158.8544235,100,0.20000000298023224
1772270558.768395,150,0.20000000298023224
