wall_time,step,value
1772274482.7179222,100,0.0
1772276779.1986146,150,0.0
1772278972.447135,200,0.0
1772281405.2882779,250,0.0
1772283687.9575224,300,0.0
1772286141.565682,350,0.0
1772288443.5826592,400,0.0
1772290637.7469559,450,0.0
1772292926.0855446,500,0.0
1772295295.2923129,550,0.0
1772297620.195382,600,0.0
1772300084.46288,650,0.0
1772302962.3663712,700,0.0
