wall_time,step,value
1772274482.7137227,100,0.0
1772276779.195262,150,0.0
1772278972.4437232,200,0.0
1772281405.2849445,250,0.0
1772283687.9542313,300,0.0
1772286141.53964,350,0.0
1772288443.5783978,400,0.0
1772290637.7433372,450,0.0
1772292926.0821548,500,0.0
1772295295.2889488,550,0.0
1772297620.1920164,600,0.0
1772300084.459498,650,0.0
1772302962.3630667,700,0.0
