wall_time,step,value
1772274482.7083945,100,0.0
1772276779.191081,150,0.0
1772278972.4394524,200,0.0
1772281405.280802,250,0.0
1772283687.9501207,300,0.0
1772286141.5355315,350,0.0
1772288443.5730762,400,0.0
1772290637.7188709,450,0.0
1772292926.0779564,500,0.0
1772295295.284758,550,0.0
1772297620.1877944,600,0.0
1772300084.4553392,650,0.0
1772302962.3589242,700,0.0
