wall_time,step,value
1772274482.6789634,100,0.0
1772276779.1668403,150,0.0
1772278972.4140537,200,0.0
1772281405.2569041,250,0.0
1772283687.9262466,300,0.0
1772286141.511561,350,0.0
1772288443.542187,400,0.0
1772290637.6953642,450,0.0
1772292926.0539494,500,0.0
1772295295.2345219,550,0.0
1772297620.163158,600,0.0
1772300084.4063795,650,0.00019999999494757503
1772302962.3353097,700,0.0
