wall_time,step,value
1772263746.4909706,50,0.0
1772267158.8688636,100,1.667089819908142
1772270558.786536,150,1.667089819908142
