wall_time,step,value
1772274482.6902204,100,0.0
1772276779.1780367,150,0.0
1772278972.4262981,200,0.0
1772281405.2679753,250,0.0
1772283687.9373136,300,0.0
1772286141.5228627,350,0.0
1772288443.5565636,400,0.0
1772290637.7061942,450,0.0
1772292926.0650816,500,0.0
1772295295.2456555,550,0.0
1772297620.174751,600,0.0
1772300084.417661,650,0.0
1772302962.346301,700,0.0
