wall_time,step,value
1772274482.7123165,100,0.0
1772276779.194143,150,0.0
1772278972.4425757,200,0.0
1772281405.2838173,250,0.0
1772283687.9531264,300,0.0
1772286141.538544,350,0.0
1772288443.5769694,400,0.0
1772290637.7422428,450,0.0
1772292926.0810354,500,0.0
1772295295.287811,550,0.0
1772297620.1908932,600,0.0
1772300084.4583714,650,0.0
1772302962.3619428,700,0.0
