wall_time,step,value
1772274482.6790419,100,0.0
1772276779.1669188,150,0.0
1772278972.4141352,200,0.0
1772281405.2569818,250,0.0
1772283687.9263256,300,0.0
1772286141.5116389,350,0.0
1772288443.5422864,400,0.0
1772290637.695442,450,0.0
1772292926.0540287,500,0.0
1772295295.234601,550,0.0
1772297620.1632373,600,0.0
1772300084.4064598,650,0.006321392022073269
1772302962.3353875,700,0.0
