wall_time,step,value
1772263746.4835713,50,1.0
1772267158.8614674,100,0.0
1772270558.7795553,150,1.0
