wall_time,step,value
1772274482.7075136,100,-0.996999979019165
1772276779.1903856,150,-0.996999979019165
1772278972.4387488,200,-0.996999979019165
1772281405.2801104,250,-1.0
1772283687.9494462,300,-1.0
1772286141.5348496,350,-1.0
1772288443.5722039,400,-0.996999979019165
1772290637.7181973,450,-1.0
1772292926.0772662,500,-1.0
1772295295.2840579,550,-1.0
1772297620.1871004,600,-1.0
1772300084.4546533,650,-1.0
1772302962.3582458,700,-1.0
