wall_time,step,value
1772274482.6905248,100,0.0
1772276779.178343,150,0.0
1772278972.4266124,200,0.0
1772281405.2682962,250,0.0
1772283687.9376178,300,0.0
1772286141.5231895,350,0.0
1772288443.5569615,400,0.0
1772290637.7064948,450,0.0
1772292926.0653913,500,0.0
1772295295.245965,550,0.0
1772297620.1750531,600,0.0
1772300084.4179723,650,0.0
1772302962.346603,700,0.0
