wall_time,step,value
1772274482.6899946,100,-1.0
1772276779.1778076,150,-1.0
1772278972.426065,200,-1.0
1772281405.2677498,250,-1.0
1772283687.9370866,300,-1.0
1772286141.5225348,350,-1.0
1772288443.5560925,400,-1.0
1772290637.7059689,450,-1.0
1772292926.0648575,500,-1.0
1772295295.245426,550,-1.0
1772297620.174506,600,-1.0
1772300084.4174314,650,-1.0
1772302962.3460755,700,-1.0
