wall_time,step,value
1772274482.6806893,100,0.0
1772276779.1685982,150,0.0
1772278972.4158492,200,0.0
1772281405.2586145,250,0.0
1772283687.9279592,300,0.0
1772286141.5135314,350,0.0
1772288443.5444705,400,0.0
1772290637.696979,450,0.0
1772292926.0557117,500,0.0
1772295295.2362795,550,0.0
1772297620.1649418,600,0.0
1772300084.4081557,650,0.0
1772302962.3370366,700,0.0
