wall_time,step,value
1772263746.4864116,50,1.4155598878860474
1772267158.864365,100,0.2666666805744171
1772270558.7820296,150,1.5496962070465088
