wall_time,step,value
1772274482.7236319,100,0.0
1772276779.2032468,150,0.0
1772278972.4516883,200,0.0
1772281405.3115075,250,0.0
1772283687.9619212,300,0.0
1772286141.5700712,350,0.0
1772288443.58837,400,0.0
1772290637.751336,450,0.0
1772292926.0900571,500,0.0
1772295295.2967935,550,0.0
1772297620.199884,600,0.0
1772300084.4673765,650,0.0
1772302962.370778,700,0.0
