wall_time,step,value
1772263746.4855695,50,0.20900161564350128
1772267158.863501,100,0.0
1772270558.7811723,150,0.4191876947879791
