wall_time,step,value
1772274482.667077,100,0.0
1772276779.1558657,150,0.0
1772278972.4029198,200,0.0
1772281405.2461095,250,0.00948208849877119
1772283687.9153385,300,0.0
1772286141.5008461,350,0.0
1772288443.5283172,400,0.0
1772290637.6846342,450,0.0
1772292926.0428233,500,0.011062436737120152
1772295295.2234838,550,0.0
1772297620.1521358,600,0.011062436737120152
1772300084.3953457,650,0.014562880620360374
1772302962.324548,700,0.0
