wall_time,step,value
1772263746.4845138,50,0.28333333134651184
1772267158.862417,100,0.13333334028720856
1772270558.7801096,150,0.2666666805744171
