wall_time,step,value
1772263746.4815516,50,1.1102230246251565e-16
1772267158.8593931,100,1.1102230246251565e-16
1772270558.7766256,150,0.6494037508964539
