wall_time,step,value
1772274482.685337,100,0.0
1772276779.173348,150,0.0
1772278972.4215248,200,0.0
1772281405.263286,250,0.0
1772283687.9327042,300,0.0
1772286141.5181746,350,0.0
1772288443.5503838,400,0.0
1772290637.7016082,450,0.0
1772292926.0603807,500,0.0
1772295295.2410762,550,0.0
1772297620.1700313,600,0.0
1772300084.4129667,650,0.0
1772302962.341694,700,0.0
