wall_time,step,value
1772274482.681077,100,0.0
1772276779.1689885,150,0.0
1772278972.4162593,200,0.0
1772281405.2590044,250,0.0
1772283687.9283705,300,0.0
1772286141.5139155,350,0.0
1772288443.5448802,400,0.0
1772290637.6973648,450,0.0
1772292926.056126,500,0.0
1772295295.2366812,550,0.0
1772297620.1653342,600,0.0
1772300084.40856,650,0.0
1772302962.337426,700,0.0
