wall_time,step,value
1772263746.4897525,50,0.0
1772267158.8676796,100,0.30000001192092896
1772270558.785348,150,0.30000001192092896
