wall_time,step,value
1772274482.6650236,100,0.0
1772276779.1542392,150,0.0
1772278972.401264,200,0.0
1772281405.2445033,250,0.09482088685035706
1772283687.9137447,300,0.0
1772286141.499227,350,0.0
1772288443.5262244,400,0.0
1772290637.6830251,450,0.0
1772292926.0411692,500,0.09482088685035706
1772295295.2218006,550,0.0
1772297620.1504877,600,0.09482088685035706
1772300084.3937044,650,0.13402985036373138
1772302962.3229287,700,0.0
