wall_time,step,value
1772263746.4875395,50,2.0
1772267158.86551,100,-1.0
1772270558.7831562,150,-1.0
