wall_time,step,value
1772274482.702717,100,0.09766551107168198
1772276779.1865556,150,0.09813961386680603
1772278972.4348242,200,0.09671729803085327
1772281405.2763317,250,0.0
1772283687.9456604,300,0.0
1772286141.5311134,350,0.0
1772288443.5673237,400,0.09766551107168198
1772290637.714473,450,0.0
1772292926.0734558,500,0.0
1772295295.2540445,550,0.0
1772297620.1832268,600,0.0
1772300084.4507906,650,0.0
1772302962.3545127,700,0.0
