wall_time,step,value
1772274482.6674519,100,0.0
1772276779.1561584,150,0.0
1772278972.403219,200,0.0
1772281405.2463968,250,0.0
1772283687.915627,300,0.0
1772286141.501134,350,0.0
1772288443.5286891,400,0.0
1772290637.6849222,450,0.0
1772292926.0431263,500,0.0
1772295295.223778,550,0.0
1772297620.1524296,600,0.0
1772300084.3956409,650,0.0
1772302962.3248365,700,0.0
