wall_time,step,value
1772263746.4751236,50,0.20000000298023224
1772267158.8529992,100,0.20000000298023224
1772270558.7669961,150,0.20000000298023224
