wall_time,step,value
1772274482.7101564,100,0.00948208849877119
1772276779.192468,150,0.011062436737120152
1772278972.4408753,200,0.006321392022073269
1772281405.282163,250,0.0
1772283687.9514802,300,0.0
1772286141.536912,350,0.0
1772288443.5748577,400,0.00948208849877119
1772290637.7405908,450,0.0
1772292926.0793366,500,0.0
1772295295.2861316,550,0.0
1772297620.1892292,600,0.0
1772300084.4567134,650,0.0
1772302962.3602912,700,0.0
