wall_time,step,value
1772274482.7222676,100,-1.0
1772276779.2020955,150,-1.0
1772278972.45063,200,-1.0
1772281405.310467,250,-1.0
1772283687.9608984,300,-1.0
1772286141.569054,350,-1.0
1772288443.5870032,400,-1.0
1772290637.7503207,450,-1.0
1772292926.0890133,500,-1.0
1772295295.2957406,550,-1.0
1772297620.1988416,600,-1.0
1772300084.4663374,650,-1.0
1772302962.3697596,700,-1.0
