wall_time,step,value
1772274482.7105415,100,0.0
1772276779.1927762,150,0.0
1772278972.4411862,200,0.0
1772281405.2824655,250,0.0
1772283687.9517772,300,0.0
1772286141.537208,350,0.0
1772288443.5752103,400,0.0
1772290637.7408946,450,0.0
1772292926.079642,500,0.0
1772295295.286436,550,0.0
1772297620.1895318,600,0.0
1772300084.4570146,650,0.0
1772302962.360591,700,0.0
