wall_time,step,value
1772274482.7122269,100,0.0
1772276779.1940672,150,0.0
1772278972.4424984,200,0.0
1772281405.2837417,250,0.0
1772283687.9530518,300,0.0
1772286141.5384681,350,0.0
1772288443.576879,400,0.0
1772290637.7421687,450,0.0
1772292926.0809581,500,0.0
1772295295.287735,550,0.0
1772297620.190817,600,0.0
1772300084.4582953,650,0.0
1772302962.3618662,700,0.0
