wall_time,step,value
1772274482.695143,100,0.0
1772276779.1805413,150,0.0
1772278972.428726,200,0.0
1772281405.2703493,250,0.0
1772283687.9397447,300,0.0
1772286141.5252333,350,0.0
1772288443.5594945,400,0.0
1772290637.7085395,450,0.0
1772292926.0674706,500,0.0
1772295295.2480674,550,0.0
1772297620.177128,600,0.0
1772300084.420145,650,0.0
1772302962.3486478,700,0.0
