wall_time,step,value
1772263746.4750373,50,-0.800000011920929
1772267158.8529034,100,-0.800000011920929
1772270558.7668998,150,-0.800000011920929
