wall_time,step,value
1772274482.6847603,100,0.0
1772276779.1727548,150,0.0
1772278972.4209235,200,0.0
1772281405.2627075,250,0.0
1772283687.9320772,300,0.0
1772286141.5175977,350,0.0
1772288443.5496283,400,0.0
1772290637.7010245,450,0.0
1772292926.0597677,500,0.0
1772295295.240483,550,0.0
1772297620.169333,600,0.0
1772300084.412366,650,0.0
1772302962.3411162,700,0.0
