wall_time,step,value
1772274482.7077065,100,2.0
1772276779.1905386,150,2.0
1772278972.4389043,200,2.0
1772281405.2802715,250,2.0
1772283687.949596,300,1.996999979019165
1772286141.5349982,350,1.996999979019165
1772288443.5723925,400,2.0
1772290637.718347,450,2.0
1772292926.077418,500,2.0
1772295295.2842207,550,2.0
1772297620.1872525,600,2.0
1772300084.454806,650,1.99399995803833
1772302962.3583949,700,1.996999979019165
