wall_time,step,value
1772263746.4863243,50,0.09287717193365097
1772267158.8642685,100,0.0
1772270558.7819421,150,0.20718614757061005
