wall_time,step,value
1772274482.6687937,100,0.0
1772276779.1572123,150,0.0
1772278972.4043248,200,0.0
1772281405.2474144,250,0.0
1772283687.9166505,300,0.0
1772286141.5021381,350,0.0
1772288443.529967,400,0.0
1772290637.6859279,450,0.0
1772292926.044225,500,0.0
1772295295.2248368,550,0.0
1772297620.153468,600,0.0
1772300084.3966825,650,0.0
1772302962.3258455,700,0.0
