wall_time,step,value
1772274482.7080936,100,2.0
1772276779.1908522,150,2.0
1772278972.4392166,200,2.0
1772281405.2805755,250,2.0
1772283687.9498954,300,2.0
1772286141.5352967,350,2.0
1772288443.5727894,400,2.0
1772290637.7186463,450,2.0
1772292926.0777223,500,2.0
1772295295.2845292,550,2.0
1772297620.1875625,600,2.0
1772300084.4551103,650,2.0
1772302962.358695,700,2.0
