wall_time,step,value
1772274482.676901,100,0.0
1772276779.1648595,150,0.0
1772278972.4119918,200,0.0
1772281405.2549455,250,0.0
1772283687.9242885,300,0.0
1772286141.509606,350,0.0
1772288443.539667,400,0.0
1772290637.693417,450,0.0
1772292926.0519063,500,0.0
1772295295.2325327,550,0.0
1772297620.1611514,600,0.0
1772300084.4043834,650,0.09482088685035706
1772302962.3333495,700,0.0
