wall_time,step,value
1772263746.476319,50,0.0
1772267158.8541288,100,0.0
1772270558.7680914,150,1.4192414283752441
