wall_time,step,value
1772274482.6976504,100,0.0
1772276779.1825378,150,0.0
1772278972.4307363,200,0.0
1772281405.2725294,250,0.0
1772283687.9417088,300,0.0
1772286141.5272043,350,0.0
1772288443.562028,400,0.0
1772290637.7104979,450,0.0
1772292926.0694613,500,0.0
1772295295.250056,550,0.0
1772297620.1791055,600,0.0
1772300084.4221652,650,0.0
1772302962.3505836,700,0.0
