wall_time,step,value
1772274482.69687,100,0.0
1772276779.1819253,150,0.0
1772278972.4301188,200,0.0
1772281405.2716968,250,0.0
1772283687.941114,300,0.0
1772286141.5266137,350,0.0
1772288443.5612564,400,0.0
1772290637.7098944,450,0.0
1772292926.0688567,500,0.0
1772295295.249453,550,0.0
1772297620.1785016,600,0.0
1772300084.4215531,650,0.0
1772302962.3499923,700,0.0
