wall_time,step,value
1772263746.482339,50,0.6387210488319397
1772267158.8601925,100,1.4838860034942627
1772270558.778232,150,0.6817464828491211
