wall_time,step,value
1772263746.4764373,50,-0.800000011920929
1772267158.8542328,100,-0.800000011920929
1772270558.7681978,150,-0.6574000120162964
