wall_time,step,value
1772263746.48813,50,-0.800000011920929
1772267158.866073,100,1.713971495628357
1772270558.7837214,150,1.713971495628357
