wall_time,step,value
1772274482.681614,100,0.0
1772276779.1695416,150,0.0
1772278972.417628,200,0.0
1772281405.259546,250,0.0
1772283687.9289167,300,0.0
1772286141.5144534,350,0.0
1772288443.545588,400,0.0
1772290637.697904,450,0.0
1772292926.0565522,500,0.0
1772295295.2372448,550,0.0
1772297620.1658857,600,0.0
1772300084.409112,650,0.0
1772302962.3379657,700,0.0
