wall_time,step,value
1772274482.7104442,100,0.0
1772276779.192698,150,0.0
1772278972.441109,200,0.0
1772281405.2823892,250,0.0
1772283687.9517028,300,0.0
1772286141.5371342,350,0.0
1772288443.5751064,400,0.0
1772290637.7408185,450,0.0
1772292926.0795634,500,0.0
1772295295.2863607,550,0.0
1772297620.1894565,600,0.0
1772300084.456939,650,0.0
1772302962.3605163,700,0.0
