wall_time,step,value
1772274482.6684158,100,0.0011934919748455286
1772276779.1569014,150,0.002119477139785886
1772278972.4039698,200,0.0
1772281405.2471251,250,0.0
1772283687.9163654,300,0.0
1772286141.5018542,350,0.0
1772288443.5295928,400,0.002716223243623972
1772290637.6856434,450,0.0
1772292926.0438783,500,0.0
1772295295.2245457,550,0.0
1772297620.1531763,600,0.003292391775175929
1772300084.3963888,650,0.004023420624434948
1772302962.3255608,700,2.0577448594849557e-05
