wall_time,step,value
1772274482.6690571,100,0.0
1772276779.1574323,150,0.0
1772278972.404422,200,0.0
1772281405.2476318,250,0.0
1772283687.916864,300,0.0
1772286141.5023522,350,0.0
1772288443.5302536,400,0.0
1772290637.6861427,450,0.0
1772292926.044452,500,0.0
1772295295.2250576,550,0.0
1772297620.1536903,600,0.0
1772300084.3969002,650,0.0
1772302962.3260603,700,0.0
