wall_time,step,value
1772274482.668693,100,0.0
1772276779.1571345,150,0.0
1772278972.404313,200,0.0
1772281405.2473414,250,0.0
1772283687.916579,300,0.0
1772286141.502067,350,0.0
1772288443.5298736,400,0.0
1772290637.685857,450,0.0
1772292926.0441048,500,0.0
1772295295.2247639,550,0.0
1772297620.1533945,600,0.0
1772300084.3966084,650,0.0
1772302962.3257747,700,0.0
