wall_time,step,value
1772263746.4851913,50,0.08417884260416031
1772267158.8630981,100,0.18548573553562164
1772270558.78079,150,0.09007635712623596
