wall_time,step,value
1772263746.4765353,50,0.0
1772267158.8543205,100,0.0
1772270558.7682993,150,0.6494037508964539
