wall_time,step,value
1772274482.6695292,100,0.0
1772276779.1578028,150,0.0
1772278972.4047947,200,0.0
1772281405.2479944,250,0.0
1772283687.9172206,300,0.0
1772286141.5027082,350,0.0
1772288443.5306854,400,0.0
1772290637.686499,450,0.0
1772292926.0448182,500,0.0
1772295295.2254274,550,0.0
1772297620.1540542,600,0.0
1772300084.3972645,650,0.0
1772302962.3264174,700,0.0
