wall_time,step,value
1772263746.4896562,50,0.0
1772267158.8675888,100,0.30000001192092896
1772270558.785248,150,0.30000001192092896
