wall_time,step,value
1772263746.4782126,50,-1.0
1772267158.8560271,100,-1.0
1772270558.770037,150,1.1030000448226929
