wall_time,step,value
1772274482.7242177,100,0.0
1772276779.2036169,150,0.0
1772278972.4520633,200,0.0
1772281405.3118768,250,0.0
1772283687.962284,300,0.0
1772286141.5704308,350,0.0
1772288443.588841,400,0.0
1772290637.751698,450,0.0
1772292926.0904262,500,0.0
1772295295.297162,550,0.0
1772297620.2002604,600,0.0
1772300084.467742,650,0.0
1772302962.3711395,700,0.0
