wall_time,step,value
1772274482.7216034,100,0.0
1772276779.201571,150,0.0
1772278972.4501004,200,0.0
1772281405.3099456,250,0.0
1772283687.9603865,300,0.0
1772286141.5685463,350,0.0
1772288443.5863369,400,0.0
1772290637.7498062,450,0.0
1772292926.0884905,500,0.0
1772295295.2952168,550,0.0
1772297620.1983185,600,0.0
1772300084.4658184,650,0.0
1772302962.3692482,700,0.0
