wall_time,step,value
1772274482.6771364,100,-1.0
1772276779.165099,150,-1.0
1772278972.412243,200,-1.0
1772281405.2551782,250,-1.0
1772283687.9245234,300,-1.0
1772286141.5098422,350,-1.0
1772288443.539967,400,-1.0
1772290637.6936512,450,-1.0
1772292926.0521464,500,-1.0
1772295295.2327714,550,-1.0
1772297620.161391,600,-1.0
1772300084.4046247,650,-1.0
1772302962.3335845,700,-1.0
