wall_time,step,value
1772274482.724539,100,0.0
1772276779.2038372,150,0.0
1772278972.4522943,200,0.0
1772281405.3120978,250,0.0
1772283687.9625025,300,0.0
1772286141.5706487,350,0.0
1772288443.5891316,400,0.0
1772290637.7519145,450,0.0
1772292926.0906487,500,0.0
1772295295.297384,550,0.0
1772297620.2004826,600,0.0
1772300084.467965,650,0.0
1772302962.3713562,700,0.0
