wall_time,step,value
1772263746.4862235,50,0.02039453200995922
1772267158.8641658,100,0.0
1772270558.781839,150,0.10714062303304672
