wall_time,step,value
1772263746.4846222,50,0.20138409733772278
1772267158.8625157,100,0.18856181204319
1772270558.7802196,150,0.19293060898780823
