wall_time,step,value
1772274482.712988,100,0.0
1772276779.194665,150,0.0
1772278972.4431107,200,0.0
1772281405.2843497,250,0.0
1772283687.953644,300,0.0
1772286141.5390556,350,0.0
1772288443.5776358,400,0.0
1772290637.742753,450,0.0
1772292926.0815601,500,0.0
1772295295.2883446,550,0.0
1772297620.1914158,600,0.0
1772300084.4589002,650,0.0
1772302962.362455,700,0.0
