wall_time,step,value
1772274482.7130852,100,0.0
1772276779.194739,150,0.0
1772278972.4431868,200,0.0
1772281405.2844238,250,0.0
1772283687.9537172,300,0.0
1772286141.5391285,350,0.0
1772288443.5777373,400,0.0
1772290637.742826,450,0.0
1772292926.0816345,500,0.0
1772295295.2884235,550,0.0
1772297620.1914911,600,0.0
1772300084.4589744,650,0.0
1772302962.3625286,700,0.0
