wall_time,step,value
1772274482.7034702,100,0.0
1772276779.187139,150,0.0
1772278972.435419,200,0.0
1772281405.2769163,250,0.0
1772283687.9462373,300,0.0
1772286141.5316875,350,0.0
1772288443.5680768,400,0.0
1772290637.7150486,450,0.0
1772292926.0740407,500,0.0
1772295295.25463,550,0.0
1772297620.1838377,600,0.0
1772300084.4513817,650,0.0
1772302962.3550887,700,0.0
