wall_time,step,value
1772263746.485284,50,0.11590000241994858
1772267158.863197,100,0.012799999676644802
1772270558.780892,150,0.10400000214576721
