wall_time,step,value
1772274482.6860316,100,0.0
1772276779.1739416,150,0.0
1772278972.4221303,200,0.0
1772281405.263893,250,0.0
1772283687.9332871,300,0.0
1772286141.5187526,350,0.0
1772288443.5511467,400,0.0
1772290637.7021916,450,0.0
1772292926.0609806,500,0.0
1772295295.241669,550,0.0
1772297620.1706371,600,0.0
1772300084.413565,650,0.0
1772302962.3422763,700,0.0
