wall_time,step,value
1772274482.6813068,100,0.0
1772276779.169224,150,0.0
1772278972.4165025,200,0.0
1772281405.2592392,250,0.0
1772283687.928606,300,0.0
1772286141.5141463,350,0.0
1772288443.5451825,400,0.0
1772290637.6975946,450,0.0
1772292926.0564435,500,0.0
1772295295.2369268,550,0.0
1772297620.1655705,600,0.0
1772300084.4087958,650,0.0
1772302962.3376575,700,0.0
