wall_time,step,value
1772274482.722363,100,0.0
1772276779.2021708,150,0.0
1772278972.4507048,200,0.0
1772281405.3105414,250,0.0
1772283687.9609714,300,0.0
1772286141.5691264,350,0.0
1772288443.587097,400,0.0
1772290637.7503932,450,0.0
1772292926.0890872,500,0.0
1772295295.295815,550,0.0
1772297620.1989164,600,0.0
1772300084.466412,650,0.0
1772302962.369832,700,0.0
