wall_time,step,value
1772274482.666983,100,0.0
1772276779.1557925,150,0.0
1772278972.402845,200,0.0
1772281405.2460375,250,0.0003000000142492354
1772283687.9152663,300,0.0
1772286141.5007744,350,0.0
1772288443.5282192,400,0.0
1772290637.684562,450,0.0
1772292926.0427487,500,0.0003499999875202775
1772295295.22341,550,0.0
1772297620.1520517,600,0.0003499999875202775
1772300084.3952715,650,0.0006500000017695129
1772302962.3244753,700,0.0
