wall_time,step,value
1772274482.6769788,100,2.0
1772276779.164939,150,2.0
1772278972.4120734,200,2.0
1772281405.2550232,250,2.0
1772283687.924367,300,2.0
1772286141.5096836,350,2.0
1772288443.5397656,400,2.0
1772290637.693495,450,2.0
1772292926.0519855,500,2.0
1772295295.232613,550,2.0
1772297620.1612318,600,2.0
1772300084.4044635,650,2.0
1772302962.3334274,700,2.0
