wall_time,step,value
1772263746.4869807,50,2.4577224254608154
1772267158.8649316,100,1.3983999490737915
1772270558.7825963,150,2.6593475341796875
