wall_time,step,value
1772263746.475479,50,-0.800000011920929
1772267158.853367,100,-0.800000011920929
1772270558.767347,150,-0.800000011920929
