wall_time,step,value
1772263746.479236,50,0.0
1772267158.8570461,100,0.0
1772270558.7711198,150,0.14020000398159027
