wall_time,step,value
1772274482.6772144,100,0.0
1772276779.1651788,150,0.0
1772278972.4123268,200,0.0
1772281405.2552555,250,0.0
1772283687.9246016,300,0.0
1772286141.5099206,350,0.0
1772288443.5400674,400,0.0
1772290637.6937292,450,0.0
1772292926.0522335,500,0.0
1772295295.2328508,550,0.0
1772297620.1614702,600,0.0
1772300084.4047043,650,0.0
1772302962.333664,700,0.0
